id,nombre,apellido,email,telefono,nro_licencia,distrito_base,fecha_ingreso,calificacion_promedio,activo
1,Lola,Patiño,conductor1@ejemplo.com,837955346,Q00000001,Callao,2022-10-16,0.00,True
2,Isidoro,Piñeiro,conductor2@ejemplo.com,961693595,Q00000002,Jesús María,2022-03-08,0.00,True
3,Amarilis,Ordóñez,conductor3@ejemplo.com,940301841,Q00000003,Callao,2024-05-14,0.00,True
4,Ángela,Cabello,conductor4@ejemplo.com,012805292,Q00000004,Lince,2021-08-30,0.00,True
5,Chucho,Llorente,conductor5@ejemplo.com,379739428,Q00000005,Pueblo Libre,2023-01-24,0.00,True
6,Adán,Ribera,conductor6@ejemplo.com,876653383,Q00000006,San Borja,2025-04-28,0.00,True
7,Baltasar,Miranda,conductor7@ejemplo.com,591003458,Q00000007,Callao,2024-07-11,0.00,True
8,Anna,Huguet,conductor8@ejemplo.com,006367938,Q00000008,San Juan de Lurigancho,2025-11-26,0.00,True
9,Felisa,Recio,conductor9@ejemplo.com,250744180,Q00000009,Magdalena,2021-11-18,0.00,True
10,Salomón,Verdú,conductor10@ejemplo.com,818153552,Q00000010,Pueblo Libre,2022-09-09,0.00,True
11,Isabela,Capdevila,conductor11@ejemplo.com,998896747,Q00000011,Surco,2022-02-22,0.00,True
12,Pancho,Rozas,conductor12@ejemplo.com,645778099,Q00000012,San Isidro,2023-07-02,0.00,True
13,María Fernanda,Chaves,conductor13@ejemplo.com,892329407,Q00000013,San Borja,2022-07-08,0.00,True
14,Encarnita,Vall,conductor14@ejemplo.com,888723833,Q00000014,Barranco,2024-03-28,0.00,True
15,Lucía,Puerta,conductor15@ejemplo.com,746643611,Q00000015,Callao,2021-10-26,0.00,True
16,Fabio,Castro,conductor16@ejemplo.com,851762777,Q00000016,San Isidro,2023-09-26,0.00,True
17,Nélida,Clavero,conductor17@ejemplo.com,859319468,Q00000017,Jesús María,2023-03-27,0.00,True
18,Máximo,Gargallo,conductor18@ejemplo.com,021809078,Q00000018,San Isidro,2025-09-16,0.00,True
19,Nilda,Morata,conductor19@ejemplo.com,965091519,Q00000019,Barranco,2024-11-15,0.00,True
20,Pepita,Milla,conductor20@ejemplo.com,506770866,Q00000020,Pueblo Libre,2023-06-12,0.00,True
21,Alfredo,Mínguez,conductor21@ejemplo.com,840814265,Q00000021,Barranco,2023-09-05,0.00,True
22,Pacífica,Peralta,conductor22@ejemplo.com,100624923,Q00000022,San Borja,2025-12-03,0.00,True
23,Régulo,Maza,conductor23@ejemplo.com,421429469,Q00000023,San Borja,2022-03-14,0.00,True
24,Corona,Borrego,conductor24@ejemplo.com,465901593,Q00000024,Surco,2025-05-28,0.00,True
25,Domitila,Franch,conductor25@ejemplo.com,057446878,Q00000025,San Borja,2022-05-26,0.00,True
26,Jose Francisco,Checa,conductor26@ejemplo.com,829140804,Q00000026,Barranco,2022-02-13,0.00,True
27,Enrique,Infante,conductor27@ejemplo.com,575215782,Q00000027,La Molina,2026-01-08,0.00,True
28,Pascuala,Peña,conductor28@ejemplo.com,921475777,Q00000028,San Juan de Lurigancho,2025-01-26,0.00,True
29,Manolo,Lara,conductor29@ejemplo.com,498091407,Q00000029,La Molina,2025-05-04,0.00,True
30,Máxima,Carmona,conductor30@ejemplo.com,307137076,Q00000030,Callao,2025-02-13,0.00,True
31,Maura,Lucas,conductor31@ejemplo.com,628573405,Q00000031,Callao,2025-02-15,0.00,True
32,Encarna,Rocha,conductor32@ejemplo.com,624245903,Q00000032,San Juan de Lurigancho,2021-04-24,0.00,True
33,Leopoldo,Huertas,conductor33@ejemplo.com,964565665,Q00000033,La Molina,2025-07-22,0.00,True
34,Adolfo,Tello,conductor34@ejemplo.com,965046288,Q00000034,San Juan de Lurigancho,2022-08-16,0.00,True
35,Remedios,Ros,conductor35@ejemplo.com,604767937,Q00000035,Magdalena,2021-08-23,0.00,True
36,Tecla,Ropero,conductor36@ejemplo.com,252349454,Q00000036,San Juan de Lurigancho,2024-10-17,0.00,True
37,Ciriaco,Peiró,conductor37@ejemplo.com,843948292,Q00000037,Miraflores,2023-10-10,0.00,True
38,Jose Ignacio,Espejo,conductor38@ejemplo.com,591946020,Q00000038,Callao,2024-09-14,0.00,True
39,Joan,Godoy,conductor39@ejemplo.com,752274116,Q00000039,Surco,2021-12-20,0.00,True
40,Teo,Cifuentes,conductor40@ejemplo.com,906721960,Q00000040,Barranco,2023-08-26,0.00,True
41,Teófilo,Martinez,conductor41@ejemplo.com,389632722,Q00000041,Lince,2024-05-09,0.00,True
42,Iris,Mate,conductor42@ejemplo.com,670682152,Q00000042,Miraflores,2025-07-22,0.00,True
43,Reyna,Cabanillas,conductor43@ejemplo.com,344934233,Q00000043,Magdalena,2025-07-10,0.00,True
44,Delia,Ferrándiz,conductor44@ejemplo.com,805755160,Q00000044,Callao,2021-08-25,0.00,True
45,Azeneth,Romeu,conductor45@ejemplo.com,341608293,Q00000045,La Molina,2024-06-15,0.00,True
46,Ezequiel,Martín,conductor46@ejemplo.com,631789333,Q00000046,La Molina,2025-02-20,0.00,True
47,Julieta,Cañellas,conductor47@ejemplo.com,767558341,Q00000047,La Molina,2021-10-25,0.00,True
48,Rodolfo,Cabezas,conductor48@ejemplo.com,521407197,Q00000048,Magdalena,2021-04-20,0.00,True
49,Julia,Estévez,conductor49@ejemplo.com,275030449,Q00000049,La Molina,2025-03-18,0.00,True
50,Nico,Capdevila,conductor50@ejemplo.com,336771693,Q00000050,Callao,2022-05-03,0.00,True
51,Bartolomé,Jaén,conductor51@ejemplo.com,638591671,Q00000051,Miraflores,2025-03-14,0.00,True
52,Severiano,Heras,conductor52@ejemplo.com,421079759,Q00000052,San Juan de Lurigancho,2024-07-07,0.00,True
53,Gisela,Roldan,conductor53@ejemplo.com,060186593,Q00000053,Barranco,2021-07-20,0.00,True
54,Modesto,Rius,conductor54@ejemplo.com,891798687,Q00000054,Lince,2026-01-16,0.00,True
55,Lupe,Bayo,conductor55@ejemplo.com,697463567,Q00000055,San Juan de Lurigancho,2022-09-18,0.00,True
56,Martin,Robles,conductor56@ejemplo.com,768065434,Q00000056,La Molina,2023-08-15,0.00,True
57,Carlito,Zurita,conductor57@ejemplo.com,924826246,Q00000057,Jesús María,2024-02-12,0.00,True
58,Paola,Blazquez,conductor58@ejemplo.com,282706572,Q00000058,San Juan de Lurigancho,2025-07-28,0.00,True
59,Lucas,León,conductor59@ejemplo.com,637108123,Q00000059,San Isidro,2022-05-03,0.00,True
60,Rosalinda,Gascón,conductor60@ejemplo.com,903821078,Q00000060,San Juan de Lurigancho,2023-03-13,0.00,True
61,José Mari,Carrasco,conductor61@ejemplo.com,930524415,Q00000061,Jesús María,2022-05-25,0.00,True
62,Marcelino,Criado,conductor62@ejemplo.com,034395903,Q00000062,San Isidro,2024-03-13,0.00,True
63,Melania,Salcedo,conductor63@ejemplo.com,245906667,Q00000063,Jesús María,2024-07-18,0.00,True
64,Pili,Núñez,conductor64@ejemplo.com,521193481,Q00000064,Miraflores,2022-08-25,0.00,True
65,Rosenda,Gilabert,conductor65@ejemplo.com,577976947,Q00000065,Pueblo Libre,2024-06-26,0.00,True
66,Albano,Almagro,conductor66@ejemplo.com,664650881,Q00000066,San Isidro,2024-05-08,0.00,True
67,Iker,Calderón,conductor67@ejemplo.com,340294337,Q00000067,San Borja,2024-02-11,0.00,True
68,Ciriaco,Guardia,conductor68@ejemplo.com,658392858,Q00000068,Barranco,2022-08-08,0.00,True
69,Toribio,Lloret,conductor69@ejemplo.com,950040051,Q00000069,Magdalena,2022-08-10,0.00,True
70,Marisela,Rincón,conductor70@ejemplo.com,057587802,Q00000070,San Juan de Lurigancho,2025-09-19,0.00,True
71,Ramiro,Cuenca,conductor71@ejemplo.com,843845291,Q00000071,Barranco,2023-06-18,0.00,True
72,Máxima,Cózar,conductor72@ejemplo.com,331929492,Q00000072,Miraflores,2024-04-15,0.00,True
73,Cayetano,Estevez,conductor73@ejemplo.com,825947300,Q00000073,La Molina,2021-06-04,0.00,True
74,Amor,Almeida,conductor74@ejemplo.com,709455013,Q00000074,Callao,2025-05-01,0.00,True
75,Iker,Estevez,conductor75@ejemplo.com,725967745,Q00000075,La Molina,2021-05-19,0.00,True
76,Hortensia,Medina,conductor76@ejemplo.com,706143328,Q00000076,Lince,2025-07-23,0.00,True
77,Jesús,Méndez,conductor77@ejemplo.com,027579830,Q00000077,Callao,2022-07-13,0.00,True
78,Hilda,Robles,conductor78@ejemplo.com,478967753,Q00000078,Pueblo Libre,2025-10-08,0.00,True
79,Marciano,Cantón,conductor79@ejemplo.com,781812453,Q00000079,Magdalena,2021-06-17,0.00,True
80,Pepita,Caballero,conductor80@ejemplo.com,969652880,Q00000080,Surco,2023-12-03,0.00,True
81,Olalla,Gil,conductor81@ejemplo.com,738874660,Q00000081,San Isidro,2022-05-05,0.00,True
82,Jonatan,Vicente,conductor82@ejemplo.com,961470959,Q00000082,San Isidro,2025-12-06,0.00,True
83,Tecla,Rubio,conductor83@ejemplo.com,423533863,Q00000083,Callao,2024-12-18,0.00,True
84,Roque,Cases,conductor84@ejemplo.com,184050367,Q00000084,Lince,2023-12-07,0.00,True
85,Isaías,Bilbao,conductor85@ejemplo.com,626088384,Q00000085,Lince,2022-08-17,0.00,True
86,Anastasio,Blanca,conductor86@ejemplo.com,390435501,Q00000086,La Molina,2025-01-24,0.00,True
87,Custodia,Martinez,conductor87@ejemplo.com,850276946,Q00000087,San Juan de Lurigancho,2022-11-04,0.00,True
88,Margarita,Pablo,conductor88@ejemplo.com,349288686,Q00000088,Pueblo Libre,2025-02-05,0.00,True
89,Elisa,Pons,conductor89@ejemplo.com,612279241,Q00000089,Miraflores,2022-07-12,0.00,True
90,Isidoro,Estrada,conductor90@ejemplo.com,710263176,Q00000090,Surco,2024-09-22,0.00,True
91,Matilde,Amador,conductor91@ejemplo.com,706450631,Q00000091,San Borja,2023-12-10,0.00,True
92,Feliciano,Benítez,conductor92@ejemplo.com,053285701,Q00000092,San Juan de Lurigancho,2023-12-11,0.00,True
93,Emelina,Asensio,conductor93@ejemplo.com,759697074,Q00000093,Jesús María,2022-10-24,0.00,True
94,María Belén,Montesinos,conductor94@ejemplo.com,687614098,Q00000094,Callao,2023-09-16,0.00,True
95,Juana,Llorente,conductor95@ejemplo.com,514399960,Q00000095,Pueblo Libre,2025-02-10,0.00,True
96,María Luisa,Sastre,conductor96@ejemplo.com,348840056,Q00000096,Surco,2022-11-20,0.00,True
97,Consuela,Palma,conductor97@ejemplo.com,210883741,Q00000097,Lince,2024-10-09,0.00,True
98,María Manuela,Bermudez,conductor98@ejemplo.com,125821931,Q00000098,Barranco,2023-01-26,0.00,True
99,Juan Pablo,Marin,conductor99@ejemplo.com,962963451,Q00000099,Jesús María,2025-07-23,0.00,True
100,Manuela,Juliá,conductor100@ejemplo.com,790657288,Q00000100,Pueblo Libre,2024-09-05,0.00,True
101,Héctor,Conde,conductor101@ejemplo.com,428206881,Q00000101,San Isidro,2021-05-27,0.00,True
102,Mariana,Pedrosa,conductor102@ejemplo.com,161747841,Q00000102,San Isidro,2022-07-30,0.00,True
103,Maximiano,Herrera,conductor103@ejemplo.com,250869295,Q00000103,Magdalena,2021-09-11,0.00,True
104,Roque,Barriga,conductor104@ejemplo.com,028481934,Q00000104,Barranco,2022-09-02,0.00,True
105,Vicenta,Castañeda,conductor105@ejemplo.com,511118762,Q00000105,Callao,2025-12-28,0.00,True
106,Priscila,Luna,conductor106@ejemplo.com,008119064,Q00000106,Pueblo Libre,2021-08-20,0.00,True
107,Ainara,Sacristán,conductor107@ejemplo.com,143826275,Q00000107,Barranco,2021-09-09,0.00,True
108,Mireia,Moll,conductor108@ejemplo.com,795887060,Q00000108,La Molina,2025-05-16,0.00,True
109,Jose Luis,Daza,conductor109@ejemplo.com,852026123,Q00000109,La Molina,2022-06-02,0.00,True
110,Encarna,Sosa,conductor110@ejemplo.com,637157851,Q00000110,Callao,2021-04-08,0.00,True
111,Eligio,Puga,conductor111@ejemplo.com,224721780,Q00000111,Surco,2024-06-07,0.00,True
112,Clotilde,Santana,conductor112@ejemplo.com,919127899,Q00000112,Miraflores,2023-12-17,0.00,True
113,Francisca,Roldán,conductor113@ejemplo.com,808902767,Q00000113,Jesús María,2022-04-22,0.00,True
114,Mireia,Guitart,conductor114@ejemplo.com,657569878,Q00000114,Surco,2023-03-18,0.00,True
115,Seve,Agudo,conductor115@ejemplo.com,373632344,Q00000115,San Juan de Lurigancho,2025-01-11,0.00,True
116,Casandra,Arenas,conductor116@ejemplo.com,931424453,Q00000116,La Molina,2023-10-14,0.00,True
117,Alfredo,Sancho,conductor117@ejemplo.com,190201372,Q00000117,Barranco,2024-12-14,0.00,True
118,Gema,Alarcón,conductor118@ejemplo.com,812847260,Q00000118,La Molina,2022-04-20,0.00,True
119,Lara,Zapata,conductor119@ejemplo.com,006918899,Q00000119,Magdalena,2023-01-23,0.00,True
120,Lilia,Rivas,conductor120@ejemplo.com,091913462,Q00000120,Pueblo Libre,2024-10-16,0.00,True
121,Ana,Ferrero,conductor121@ejemplo.com,115191098,Q00000121,Barranco,2024-08-21,0.00,True
122,Joaquín,Barrera,conductor122@ejemplo.com,656951915,Q00000122,Barranco,2023-06-08,0.00,True
123,Ibán,Gracia,conductor123@ejemplo.com,427285146,Q00000123,Lince,2025-07-05,0.00,True
124,Diego,Villar,conductor124@ejemplo.com,567109923,Q00000124,San Juan de Lurigancho,2023-02-17,0.00,True
125,Nuria,Santana,conductor125@ejemplo.com,439679579,Q00000125,Jesús María,2023-08-21,0.00,True
126,Florina,Lumbreras,conductor126@ejemplo.com,924313272,Q00000126,Pueblo Libre,2024-08-27,0.00,True
127,Mario,Alemán,conductor127@ejemplo.com,248176707,Q00000127,San Juan de Lurigancho,2025-11-15,0.00,True
128,Otilia,Angulo,conductor128@ejemplo.com,963178914,Q00000128,Magdalena,2023-08-24,0.00,True
129,Jose,Prats,conductor129@ejemplo.com,146293892,Q00000129,Lince,2021-07-13,0.00,True
130,Ulises,Alonso,conductor130@ejemplo.com,808482317,Q00000130,La Molina,2025-02-05,0.00,True
131,Olivia,Gomila,conductor131@ejemplo.com,889532268,Q00000131,La Molina,2024-09-07,0.00,True
132,Elías,Domingo,conductor132@ejemplo.com,885909496,Q00000132,San Juan de Lurigancho,2022-12-06,0.00,True
133,Asunción,Bas,conductor133@ejemplo.com,389068252,Q00000133,Surco,2023-12-07,0.00,True
134,Sol,Arana,conductor134@ejemplo.com,535778373,Q00000134,Pueblo Libre,2025-05-02,0.00,True
135,Irma,Donaire,conductor135@ejemplo.com,978620350,Q00000135,Magdalena,2024-03-26,0.00,True
136,Salomé,Bas,conductor136@ejemplo.com,003135641,Q00000136,Lince,2025-12-19,0.00,True
137,Alejo,Colom,conductor137@ejemplo.com,477374184,Q00000137,San Borja,2024-07-29,0.00,True
138,Mireia,Aroca,conductor138@ejemplo.com,598369457,Q00000138,Barranco,2024-03-05,0.00,True
139,Ramiro,Diaz,conductor139@ejemplo.com,170975424,Q00000139,Miraflores,2022-11-05,0.00,True
140,Elisabet,Carrera,conductor140@ejemplo.com,759612981,Q00000140,Lince,2025-03-02,0.00,True
141,Raúl,Pastor,conductor141@ejemplo.com,572251405,Q00000141,Magdalena,2022-07-13,0.00,True
142,Jafet,Solís,conductor142@ejemplo.com,767378276,Q00000142,Magdalena,2021-07-23,0.00,True
143,Leocadia,Galán,conductor143@ejemplo.com,257884427,Q00000143,Pueblo Libre,2023-12-28,0.00,True
144,Ovidio,Tenorio,conductor144@ejemplo.com,641301422,Q00000144,Pueblo Libre,2024-07-22,0.00,True
145,José María,Mendoza,conductor145@ejemplo.com,650593054,Q00000145,San Borja,2021-05-09,0.00,True
146,Sandalio,Cantero,conductor146@ejemplo.com,875621615,Q00000146,Callao,2026-01-14,0.00,True
147,Edgardo,Acedo,conductor147@ejemplo.com,425003179,Q00000147,Barranco,2022-11-22,0.00,True
148,Sosimo,Camacho,conductor148@ejemplo.com,812411881,Q00000148,Jesús María,2021-07-23,0.00,True
149,Georgina,Benitez,conductor149@ejemplo.com,627417887,Q00000149,Pueblo Libre,2023-09-19,0.00,True
150,Edelmira,Donoso,conductor150@ejemplo.com,073561580,Q00000150,La Molina,2024-04-01,0.00,True
151,Nacio,Pedraza,conductor151@ejemplo.com,758516960,Q00000151,Barranco,2024-04-10,0.00,True
152,Eva,Alberola,conductor152@ejemplo.com,752529049,Q00000152,Pueblo Libre,2025-07-18,0.00,True
153,Germán,Ramos,conductor153@ejemplo.com,396511590,Q00000153,San Borja,2023-10-24,0.00,True
154,Mariano,Peral,conductor154@ejemplo.com,842783719,Q00000154,Lince,2025-10-31,0.00,True
155,Odalys,Hervia,conductor155@ejemplo.com,952287964,Q00000155,La Molina,2023-07-08,0.00,True
156,Adoración,Sarmiento,conductor156@ejemplo.com,723498534,Q00000156,San Isidro,2021-08-01,0.00,True
157,Godofredo,Amo,conductor157@ejemplo.com,894227648,Q00000157,Magdalena,2023-02-24,0.00,True
158,Ariel,Blazquez,conductor158@ejemplo.com,724300497,Q00000158,Barranco,2026-01-21,0.00,True
159,Inés,Navarro,conductor159@ejemplo.com,251024805,Q00000159,Miraflores,2021-10-23,0.00,True
160,Dorita,Figueras,conductor160@ejemplo.com,157555814,Q00000160,Pueblo Libre,2021-08-10,0.00,True
161,Trini,Garmendia,conductor161@ejemplo.com,108213452,Q00000161,Pueblo Libre,2024-03-05,0.00,True
162,Luz,Rodriguez,conductor162@ejemplo.com,122990542,Q00000162,La Molina,2025-04-26,0.00,True
163,Juanita,Caballero,conductor163@ejemplo.com,660690991,Q00000163,Magdalena,2023-03-26,0.00,True
164,Jordi,Heredia,conductor164@ejemplo.com,594988326,Q00000164,San Borja,2024-11-22,0.00,True
165,Vinicio,Sáenz,conductor165@ejemplo.com,206402229,Q00000165,La Molina,2024-06-26,0.00,True
166,Margarita,Guillén,conductor166@ejemplo.com,582134485,Q00000166,San Juan de Lurigancho,2021-12-28,0.00,True
167,Ariel,Abad,conductor167@ejemplo.com,681481838,Q00000167,Pueblo Libre,2022-06-19,0.00,True
168,Camilo,Arco,conductor168@ejemplo.com,987258052,Q00000168,Jesús María,2022-05-06,0.00,True
169,Edmundo,Martin,conductor169@ejemplo.com,445230383,Q00000169,Jesús María,2023-03-10,0.00,True
170,Isaac,Gárate,conductor170@ejemplo.com,659272680,Q00000170,Jesús María,2023-09-03,0.00,True
171,Cándida,Figuerola,conductor171@ejemplo.com,845635747,Q00000171,San Borja,2022-10-12,0.00,True
172,Anselmo,Perez,conductor172@ejemplo.com,547960850,Q00000172,Magdalena,2022-08-28,0.00,True
173,Elodia,Garrido,conductor173@ejemplo.com,183425304,Q00000173,Pueblo Libre,2024-08-20,0.00,True
174,Clemente,Ferrer,conductor174@ejemplo.com,241685192,Q00000174,San Borja,2025-12-28,0.00,True
175,Óscar,Coronado,conductor175@ejemplo.com,338773566,Q00000175,Jesús María,2022-02-25,0.00,True
176,Amancio,Peinado,conductor176@ejemplo.com,617467958,Q00000176,San Isidro,2023-07-08,0.00,True
177,Nydia,Calderón,conductor177@ejemplo.com,695148174,Q00000177,San Juan de Lurigancho,2021-04-19,0.00,True
178,Felipe,Gil,conductor178@ejemplo.com,902149671,Q00000178,Callao,2025-12-16,0.00,True
179,María José,Ayuso,conductor179@ejemplo.com,001196745,Q00000179,Jesús María,2022-10-22,0.00,True
180,Laura,Lladó,conductor180@ejemplo.com,085518017,Q00000180,Miraflores,2025-08-09,0.00,True
181,Julia,Portillo,conductor181@ejemplo.com,970849889,Q00000181,La Molina,2022-08-07,0.00,True
182,Jose,Escudero,conductor182@ejemplo.com,289666138,Q00000182,San Borja,2025-08-15,0.00,True
183,Lola,Mendizábal,conductor183@ejemplo.com,306924185,Q00000183,San Isidro,2025-12-08,0.00,True
184,Baudelio,Luís,conductor184@ejemplo.com,990683166,Q00000184,Barranco,2021-08-09,0.00,True
185,Lucho,Bernat,conductor185@ejemplo.com,703244438,Q00000185,Magdalena,2024-08-15,0.00,True
186,Anna,Carlos,conductor186@ejemplo.com,741734373,Q00000186,San Juan de Lurigancho,2023-07-28,0.00,True
187,Brígida,Busquets,conductor187@ejemplo.com,479817635,Q00000187,San Isidro,2024-03-12,0.00,True
188,Esmeralda,Garmendia,conductor188@ejemplo.com,948005574,Q00000188,Jesús María,2023-05-23,0.00,True
189,Emigdio,Cabo,conductor189@ejemplo.com,362463753,Q00000189,Lince,2023-09-26,0.00,True
190,Casandra,Carnero,conductor190@ejemplo.com,119133464,Q00000190,Jesús María,2022-01-01,0.00,True
191,Amador,Ribas,conductor191@ejemplo.com,305213576,Q00000191,Lince,2026-01-30,0.00,True
192,Débora,Guerra,conductor192@ejemplo.com,171964968,Q00000192,Callao,2024-03-08,0.00,True
193,Anita,Jover,conductor193@ejemplo.com,293906886,Q00000193,San Isidro,2023-01-15,0.00,True
194,Alfredo,Rico,conductor194@ejemplo.com,783487495,Q00000194,San Juan de Lurigancho,2023-04-02,0.00,True
195,Carla,Guerrero,conductor195@ejemplo.com,037356621,Q00000195,Jesús María,2025-12-21,0.00,True
196,Leonor,Criado,conductor196@ejemplo.com,137712834,Q00000196,Callao,2025-07-18,0.00,True
197,Nieves,Valderrama,conductor197@ejemplo.com,295487039,Q00000197,Jesús María,2023-04-30,0.00,True
198,Claudio,Fabregat,conductor198@ejemplo.com,758374726,Q00000198,Callao,2024-06-10,0.00,True
199,Prudencia,Zapata,conductor199@ejemplo.com,840860182,Q00000199,La Molina,2022-12-05,0.00,True
200,Ruth,Segovia,conductor200@ejemplo.com,337510293,Q00000200,San Juan de Lurigancho,2022-04-03,0.00,True
201,Purificación,Oliveras,conductor201@ejemplo.com,857083987,Q00000201,Surco,2024-12-08,0.00,True
202,Estela,Diéguez,conductor202@ejemplo.com,779968090,Q00000202,La Molina,2022-03-11,0.00,True
203,Andrea,Aguilera,conductor203@ejemplo.com,918529617,Q00000203,Barranco,2024-01-08,0.00,True
204,Arturo,Giménez,conductor204@ejemplo.com,333025477,Q00000204,Pueblo Libre,2022-06-30,0.00,True
205,Corona,Romeu,conductor205@ejemplo.com,832433116,Q00000205,Jesús María,2022-11-09,0.00,True
206,Maxi,Pi,conductor206@ejemplo.com,643039130,Q00000206,Magdalena,2024-03-30,0.00,True
207,Chuy,Pujadas,conductor207@ejemplo.com,651577679,Q00000207,Miraflores,2024-07-10,0.00,True
208,Guadalupe,Almeida,conductor208@ejemplo.com,120745439,Q00000208,Lince,2021-10-28,0.00,True
209,Úrsula,Pagès,conductor209@ejemplo.com,924637078,Q00000209,Miraflores,2022-06-18,0.00,True
210,Juanita,Arellano,conductor210@ejemplo.com,083714713,Q00000210,Lince,2021-09-13,0.00,True
211,María Dolores,Pareja,conductor211@ejemplo.com,276425759,Q00000211,Jesús María,2023-10-17,0.00,True
212,Vicenta,Lastra,conductor212@ejemplo.com,173277687,Q00000212,San Juan de Lurigancho,2022-11-07,0.00,True
213,Olimpia,Fiol,conductor213@ejemplo.com,681520486,Q00000213,Barranco,2023-05-14,0.00,True
214,Lino,Alvarado,conductor214@ejemplo.com,324323976,Q00000214,Lince,2024-05-04,0.00,True
215,Juanito,Agudo,conductor215@ejemplo.com,068352494,Q00000215,Miraflores,2025-04-28,0.00,True
216,Celso,Riba,conductor216@ejemplo.com,014789818,Q00000216,San Juan de Lurigancho,2021-11-18,0.00,True
217,Gertrudis,Santamaría,conductor217@ejemplo.com,662028873,Q00000217,La Molina,2025-01-31,0.00,True
218,Reina,Arranz,conductor218@ejemplo.com,153149352,Q00000218,Magdalena,2023-08-24,0.00,True
219,Jovita,Nieto,conductor219@ejemplo.com,500748007,Q00000219,San Isidro,2023-06-10,0.00,True
220,Remigio,Barragán,conductor220@ejemplo.com,241114746,Q00000220,San Juan de Lurigancho,2023-01-27,0.00,True
221,Marcelino,Corominas,conductor221@ejemplo.com,578126509,Q00000221,Pueblo Libre,2025-02-21,0.00,True
222,Chelo,González,conductor222@ejemplo.com,713139553,Q00000222,Lince,2021-08-03,0.00,True
223,Aníbal,Infante,conductor223@ejemplo.com,815759811,Q00000223,San Borja,2025-05-21,0.00,True
224,Vanesa,Mascaró,conductor224@ejemplo.com,968323786,Q00000224,La Molina,2025-11-23,0.00,True
225,Liliana,Llanos,conductor225@ejemplo.com,099342705,Q00000225,Surco,2024-03-25,0.00,True
226,Fabio,Clemente,conductor226@ejemplo.com,940148546,Q00000226,Miraflores,2021-04-01,0.00,True
227,Marc,Jerez,conductor227@ejemplo.com,825275387,Q00000227,Callao,2021-04-07,0.00,True
228,Duilio,Pedraza,conductor228@ejemplo.com,576890693,Q00000228,Barranco,2023-01-23,0.00,True
229,Mauricio,Pera,conductor229@ejemplo.com,874712481,Q00000229,Lince,2022-02-15,0.00,True
230,Julio,Ros,conductor230@ejemplo.com,290133788,Q00000230,San Borja,2023-09-07,0.00,True
231,Virgilio,Porcel,conductor231@ejemplo.com,350188215,Q00000231,San Juan de Lurigancho,2025-02-11,0.00,True
232,Fabiola,Calatayud,conductor232@ejemplo.com,228523926,Q00000232,Jesús María,2021-06-04,0.00,True
233,Hector,Arribas,conductor233@ejemplo.com,972867785,Q00000233,La Molina,2023-03-14,0.00,True
234,Edelmiro,Llorente,conductor234@ejemplo.com,722451805,Q00000234,San Isidro,2022-07-22,0.00,True
235,Manu,Goicoechea,conductor235@ejemplo.com,100324023,Q00000235,Jesús María,2021-10-26,0.00,True
236,Tito,Galindo,conductor236@ejemplo.com,246562948,Q00000236,Barranco,2023-03-08,0.00,True
237,Palmira,Cárdenas,conductor237@ejemplo.com,399593698,Q00000237,Callao,2024-06-21,0.00,True
238,Tomás,Garcia,conductor238@ejemplo.com,733900356,Q00000238,Pueblo Libre,2024-09-17,0.00,True
239,Wilfredo,Ferrán,conductor239@ejemplo.com,477554202,Q00000239,San Juan de Lurigancho,2023-10-20,0.00,True
240,Cristina,Godoy,conductor240@ejemplo.com,040213552,Q00000240,Magdalena,2025-10-16,0.00,True
241,Leticia,Benitez,conductor241@ejemplo.com,672571921,Q00000241,Callao,2023-12-03,0.00,True
242,Galo,Solsona,conductor242@ejemplo.com,065448332,Q00000242,Barranco,2024-04-09,0.00,True
243,Sabas,Villalonga,conductor243@ejemplo.com,119776743,Q00000243,Magdalena,2024-02-12,0.00,True
244,Guadalupe,Sanmiguel,conductor244@ejemplo.com,935909597,Q00000244,Barranco,2025-12-23,0.00,True
245,Felipe,Cano,conductor245@ejemplo.com,401935693,Q00000245,San Juan de Lurigancho,2021-05-16,0.00,True
246,Trinidad,Carro,conductor246@ejemplo.com,521806965,Q00000246,San Isidro,2025-12-17,0.00,True
247,Aitor,Saldaña,conductor247@ejemplo.com,474141128,Q00000247,San Isidro,2021-04-25,0.00,True
248,Ignacia,Rocamora,conductor248@ejemplo.com,837090350,Q00000248,Surco,2023-08-15,0.00,True
249,Aurelia,Torrents,conductor249@ejemplo.com,255763461,Q00000249,Magdalena,2022-11-04,0.00,True
250,Gerónimo,Coello,conductor250@ejemplo.com,489038345,Q00000250,Jesús María,2022-09-17,0.00,True
251,Montserrat,Cabeza,conductor251@ejemplo.com,266121465,Q00000251,Lince,2025-08-11,0.00,True
252,Amanda,Valdés,conductor252@ejemplo.com,298369039,Q00000252,Pueblo Libre,2022-06-12,0.00,True
253,Blas,Madrid,conductor253@ejemplo.com,152726738,Q00000253,Barranco,2026-01-27,0.00,True
254,Adelardo,Pina,conductor254@ejemplo.com,812269871,Q00000254,La Molina,2022-06-24,0.00,True
255,Morena,Prieto,conductor255@ejemplo.com,627591477,Q00000255,Magdalena,2021-04-06,0.00,True
256,Olegario,Pablo,conductor256@ejemplo.com,907211449,Q00000256,Lince,2025-04-04,0.00,True
257,Ámbar,Paz,conductor257@ejemplo.com,859519376,Q00000257,San Juan de Lurigancho,2023-05-04,0.00,True
258,Amaro,Huertas,conductor258@ejemplo.com,730383571,Q00000258,San Borja,2024-02-13,0.00,True
259,Demetrio,Feijoo,conductor259@ejemplo.com,778065173,Q00000259,Magdalena,2023-12-22,0.00,True
260,Nuria,Espinosa,conductor260@ejemplo.com,543981233,Q00000260,San Borja,2025-10-23,0.00,True
261,Francisca,Solé,conductor261@ejemplo.com,205193113,Q00000261,Barranco,2023-11-29,0.00,True
262,Oriana,Tur,conductor262@ejemplo.com,585432697,Q00000262,Lince,2023-10-04,0.00,True
263,Teo,Velázquez,conductor263@ejemplo.com,565549576,Q00000263,Surco,2025-10-17,0.00,True
264,Amalia,Verdejo,conductor264@ejemplo.com,403524311,Q00000264,Barranco,2021-11-22,0.00,True
265,Maristela,Sastre,conductor265@ejemplo.com,979051103,Q00000265,Jesús María,2024-11-15,0.00,True
266,Milagros,Manrique,conductor266@ejemplo.com,328856531,Q00000266,La Molina,2024-05-18,0.00,True
267,Andrés,Arrieta,conductor267@ejemplo.com,396681204,Q00000267,Callao,2024-07-03,0.00,True
268,Leandra,Domingo,conductor268@ejemplo.com,840506558,Q00000268,Barranco,2022-07-23,0.00,True
269,Josep,Leal,conductor269@ejemplo.com,836724000,Q00000269,Pueblo Libre,2024-08-20,0.00,True
270,Toribio,Villena,conductor270@ejemplo.com,734670596,Q00000270,Jesús María,2023-03-26,0.00,True
271,Carmen,Cañellas,conductor271@ejemplo.com,316565193,Q00000271,Pueblo Libre,2023-12-19,0.00,True
272,Celso,Coello,conductor272@ejemplo.com,612921753,Q00000272,San Juan de Lurigancho,2021-12-10,0.00,True
273,Alex,Múgica,conductor273@ejemplo.com,499081840,Q00000273,San Juan de Lurigancho,2024-09-17,0.00,True
274,Manuel,Pineda,conductor274@ejemplo.com,146210358,Q00000274,Barranco,2025-06-30,0.00,True
275,Leoncio,Montenegro,conductor275@ejemplo.com,896330651,Q00000275,Magdalena,2025-09-05,0.00,True
276,Coral,Baquero,conductor276@ejemplo.com,231000937,Q00000276,Callao,2025-03-28,0.00,True
277,Flora,Abellán,conductor277@ejemplo.com,091631266,Q00000277,Barranco,2024-11-01,0.00,True
278,Silvio,Madrid,conductor278@ejemplo.com,944757576,Q00000278,Lince,2023-08-14,0.00,True
279,Alberto,Font,conductor279@ejemplo.com,722655136,Q00000279,Callao,2023-09-20,0.00,True
280,Lucía,Vicens,conductor280@ejemplo.com,456914295,Q00000280,San Isidro,2023-05-30,0.00,True
281,Amalia,Aller,conductor281@ejemplo.com,065170679,Q00000281,San Juan de Lurigancho,2021-05-12,0.00,True
282,Lucio,Manzano,conductor282@ejemplo.com,539219142,Q00000282,San Juan de Lurigancho,2025-10-25,0.00,True
283,Bernardino,Barral,conductor283@ejemplo.com,973106009,Q00000283,San Borja,2024-11-06,0.00,True
284,Efraín,Perelló,conductor284@ejemplo.com,192222417,Q00000284,San Isidro,2023-07-31,0.00,True
285,Cruz,Ripoll,conductor285@ejemplo.com,653831322,Q00000285,La Molina,2024-07-06,0.00,True
286,Jaime,Bou,conductor286@ejemplo.com,624081540,Q00000286,Lince,2023-07-01,0.00,True
287,Rebeca,Alcázar,conductor287@ejemplo.com,538344815,Q00000287,San Borja,2023-09-07,0.00,True
288,Nicolás,Sánchez,conductor288@ejemplo.com,162555798,Q00000288,Surco,2022-04-19,0.00,True
289,Tere,Amo,conductor289@ejemplo.com,883589976,Q00000289,Jesús María,2025-04-27,0.00,True
290,Rómulo,Reguera,conductor290@ejemplo.com,973351905,Q00000290,Jesús María,2024-09-16,0.00,True
291,Jordán,Esteban,conductor291@ejemplo.com,990768633,Q00000291,Jesús María,2023-08-04,0.00,True
292,Adriana,Tena,conductor292@ejemplo.com,415639056,Q00000292,Magdalena,2024-04-29,0.00,True
293,Jose Manuel,Casals,conductor293@ejemplo.com,211780966,Q00000293,San Juan de Lurigancho,2025-11-07,0.00,True
294,Hortensia,Armengol,conductor294@ejemplo.com,650474613,Q00000294,Magdalena,2022-08-22,0.00,True
295,Octavio,Clavero,conductor295@ejemplo.com,033950887,Q00000295,Magdalena,2022-09-09,0.00,True
296,Claudia,Maldonado,conductor296@ejemplo.com,861155468,Q00000296,San Borja,2021-07-09,0.00,True
297,Pedro,Jaume,conductor297@ejemplo.com,622810043,Q00000297,San Borja,2024-08-06,0.00,True
298,Onofre,Serna,conductor298@ejemplo.com,846128032,Q00000298,San Borja,2021-09-30,0.00,True
299,Zacarías,Recio,conductor299@ejemplo.com,159116072,Q00000299,Lince,2022-08-24,0.00,True
300,Manuela,Valle,conductor300@ejemplo.com,520132132,Q00000300,La Molina,2022-03-31,0.00,True
301,Aroa,Donaire,conductor301@ejemplo.com,644088090,Q00000301,La Molina,2022-06-09,0.00,True
302,Dora,Marti,conductor302@ejemplo.com,936737315,Q00000302,Barranco,2024-06-25,0.00,True
303,Bruno,Bou,conductor303@ejemplo.com,518738924,Q00000303,Magdalena,2022-02-01,0.00,True
304,Custodio,Salvador,conductor304@ejemplo.com,457999534,Q00000304,Lince,2025-04-22,0.00,True
305,Haydée,Páez,conductor305@ejemplo.com,876187046,Q00000305,Pueblo Libre,2024-02-05,0.00,True
306,Malena,Ortuño,conductor306@ejemplo.com,128095937,Q00000306,Barranco,2023-08-01,0.00,True
307,Clementina,Colomer,conductor307@ejemplo.com,075574188,Q00000307,San Juan de Lurigancho,2023-07-04,0.00,True
308,Roberto,Torrecilla,conductor308@ejemplo.com,380355039,Q00000308,La Molina,2021-06-14,0.00,True
309,Teodosio,Salgado,conductor309@ejemplo.com,862856060,Q00000309,Miraflores,2021-11-10,0.00,True
310,Isaac,Arranz,conductor310@ejemplo.com,925157011,Q00000310,Barranco,2023-05-31,0.00,True
311,Miguel Ángel,Jaén,conductor311@ejemplo.com,464930846,Q00000311,Jesús María,2023-06-22,0.00,True
312,Severino,Ramirez,conductor312@ejemplo.com,408902054,Q00000312,Jesús María,2022-12-16,0.00,True
313,Victorino,Bas,conductor313@ejemplo.com,733724883,Q00000313,San Borja,2024-07-03,0.00,True
314,Pascuala,Casal,conductor314@ejemplo.com,171120995,Q00000314,Miraflores,2024-08-05,0.00,True
315,Basilio,Elorza,conductor315@ejemplo.com,311275305,Q00000315,Surco,2025-12-15,0.00,True
316,David,Díez,conductor316@ejemplo.com,980127454,Q00000316,San Borja,2023-09-21,0.00,True
317,Berta,Viñas,conductor317@ejemplo.com,305332081,Q00000317,San Borja,2024-02-04,0.00,True
318,Irene,Revilla,conductor318@ejemplo.com,124180720,Q00000318,San Isidro,2024-05-09,0.00,True
319,Verónica,Puga,conductor319@ejemplo.com,778762485,Q00000319,Pueblo Libre,2023-08-03,0.00,True
320,Javi,Pallarès,conductor320@ejemplo.com,521089716,Q00000320,Lince,2024-12-17,0.00,True
321,Curro,Urrutia,conductor321@ejemplo.com,863527016,Q00000321,La Molina,2025-08-03,0.00,True
322,Conrado,Cazorla,conductor322@ejemplo.com,340276036,Q00000322,San Isidro,2024-04-21,0.00,True
323,Basilio,Ribas,conductor323@ejemplo.com,919680249,Q00000323,San Borja,2021-10-14,0.00,True
324,Amparo,Maldonado,conductor324@ejemplo.com,618210265,Q00000324,Barranco,2022-06-06,0.00,True
325,Ezequiel,Puente,conductor325@ejemplo.com,527302876,Q00000325,Barranco,2025-10-01,0.00,True
326,Virginia,Barrena,conductor326@ejemplo.com,996181237,Q00000326,Pueblo Libre,2022-10-14,0.00,True
327,Remedios,Viña,conductor327@ejemplo.com,987427138,Q00000327,Miraflores,2021-08-29,0.00,True
328,Lisandro,Pavón,conductor328@ejemplo.com,952778800,Q00000328,Miraflores,2022-06-23,0.00,True
329,Maximino,Segarra,conductor329@ejemplo.com,012082088,Q00000329,San Juan de Lurigancho,2025-10-27,0.00,True
330,Mónica,Gelabert,conductor330@ejemplo.com,414145024,Q00000330,Pueblo Libre,2021-04-23,0.00,True
331,Rómulo,Valbuena,conductor331@ejemplo.com,483937661,Q00000331,La Molina,2021-12-10,0.00,True
332,Loida,Vilalta,conductor332@ejemplo.com,808977351,Q00000332,Miraflores,2021-08-14,0.00,True
333,Epifanio,Folch,conductor333@ejemplo.com,311840749,Q00000333,Jesús María,2023-12-29,0.00,True
334,Josefina,Bonilla,conductor334@ejemplo.com,297280032,Q00000334,Jesús María,2024-01-30,0.00,True
335,Emiliana,Esteve,conductor335@ejemplo.com,036094727,Q00000335,San Juan de Lurigancho,2023-03-31,0.00,True
336,Rodolfo,Feijoo,conductor336@ejemplo.com,187950133,Q00000336,Surco,2024-09-22,0.00,True
337,Demetrio,Villa,conductor337@ejemplo.com,013246451,Q00000337,San Juan de Lurigancho,2024-06-15,0.00,True
338,Adoración,Arana,conductor338@ejemplo.com,168334998,Q00000338,San Juan de Lurigancho,2024-08-09,0.00,True
339,Vicenta,Ferreras,conductor339@ejemplo.com,019243869,Q00000339,Lince,2024-09-17,0.00,True
340,Hermenegildo,Gallart,conductor340@ejemplo.com,229227506,Q00000340,Magdalena,2021-08-05,0.00,True
341,Reina,Manuel,conductor341@ejemplo.com,818895119,Q00000341,Lince,2022-05-31,0.00,True
342,Santiago,Ponce,conductor342@ejemplo.com,947031301,Q00000342,Callao,2023-09-18,0.00,True
343,Odalis,Hernández,conductor343@ejemplo.com,383936065,Q00000343,Lince,2024-09-14,0.00,True
344,Encarna,Mesa,conductor344@ejemplo.com,729888508,Q00000344,Lince,2025-01-26,0.00,True
345,Magdalena,Jaén,conductor345@ejemplo.com,679846761,Q00000345,Barranco,2022-04-15,0.00,True
346,Venceslás,Colomer,conductor346@ejemplo.com,771336087,Q00000346,Surco,2023-10-11,0.00,True
347,Custodio,Acuña,conductor347@ejemplo.com,795078045,Q00000347,Jesús María,2025-11-26,0.00,True
348,Eulalia,Duarte,conductor348@ejemplo.com,112500926,Q00000348,Callao,2022-04-02,0.00,True
349,Alex,Mínguez,conductor349@ejemplo.com,752872715,Q00000349,Callao,2021-10-22,0.00,True
350,Isaura,Oliveras,conductor350@ejemplo.com,450392326,Q00000350,Miraflores,2021-04-02,0.00,True
351,Luisina,Hervás,conductor351@ejemplo.com,182948269,Q00000351,Miraflores,2024-08-16,0.00,True
352,Guillermo,Gómez,conductor352@ejemplo.com,716206583,Q00000352,San Borja,2025-12-02,0.00,True
353,Saturnina,Solera,conductor353@ejemplo.com,884738538,Q00000353,Pueblo Libre,2021-12-13,0.00,True
354,Constanza,Villalonga,conductor354@ejemplo.com,192252523,Q00000354,San Isidro,2025-09-09,0.00,True
355,Eric,Español,conductor355@ejemplo.com,659949967,Q00000355,Miraflores,2021-12-16,0.00,True
356,Ruth,Cabrero,conductor356@ejemplo.com,857256924,Q00000356,Barranco,2021-07-07,0.00,True
357,Ofelia,Acedo,conductor357@ejemplo.com,316569072,Q00000357,La Molina,2022-10-21,0.00,True
358,Jose Ramón,Belmonte,conductor358@ejemplo.com,086423548,Q00000358,Callao,2024-01-21,0.00,True
359,Jerónimo,Barrera,conductor359@ejemplo.com,815768994,Q00000359,Jesús María,2025-08-24,0.00,True
360,Paula,Maza,conductor360@ejemplo.com,371419715,Q00000360,San Isidro,2022-09-20,0.00,True
361,Josefa,Cabanillas,conductor361@ejemplo.com,567536683,Q00000361,San Juan de Lurigancho,2021-10-16,0.00,True
362,Ale,Rodriguez,conductor362@ejemplo.com,191372669,Q00000362,Pueblo Libre,2023-04-09,0.00,True
363,Tomás,Landa,conductor363@ejemplo.com,811083770,Q00000363,Pueblo Libre,2022-10-07,0.00,True
364,Jimena,Ocaña,conductor364@ejemplo.com,216930526,Q00000364,San Juan de Lurigancho,2023-11-05,0.00,True
365,Amílcar,Donaire,conductor365@ejemplo.com,326767963,Q00000365,Lince,2025-08-19,0.00,True
366,Adrián,Rivas,conductor366@ejemplo.com,938175539,Q00000366,San Isidro,2023-01-05,0.00,True
367,Leandro,Soler,conductor367@ejemplo.com,223300211,Q00000367,San Isidro,2022-04-03,0.00,True
368,Sosimo,Gómez,conductor368@ejemplo.com,954894542,Q00000368,Lince,2023-04-08,0.00,True
369,Bernardino,Bauzà,conductor369@ejemplo.com,768513349,Q00000369,Barranco,2021-11-19,0.00,True
370,Juan Carlos,Mir,conductor370@ejemplo.com,848290269,Q00000370,San Borja,2021-09-01,0.00,True
371,Begoña,Manso,conductor371@ejemplo.com,754407302,Q00000371,La Molina,2023-10-31,0.00,True
372,Lorenzo,Sanabria,conductor372@ejemplo.com,244570585,Q00000372,Jesús María,2025-08-27,0.00,True
373,América,Quevedo,conductor373@ejemplo.com,789887750,Q00000373,La Molina,2021-12-27,0.00,True
374,Flavio,Arregui,conductor374@ejemplo.com,932790496,Q00000374,La Molina,2023-06-12,0.00,True
375,Carmina,Suárez,conductor375@ejemplo.com,025823767,Q00000375,San Borja,2023-09-13,0.00,True
376,Evita,Pedraza,conductor376@ejemplo.com,022655081,Q00000376,San Isidro,2023-03-22,0.00,True
377,Blas,Vila,conductor377@ejemplo.com,115082174,Q00000377,Callao,2021-10-19,0.00,True
378,Jordán,Anguita,conductor378@ejemplo.com,738468530,Q00000378,Callao,2023-10-17,0.00,True
379,Encarnación,Benavides,conductor379@ejemplo.com,054467840,Q00000379,Magdalena,2023-05-09,0.00,True
380,Merche,Osorio,conductor380@ejemplo.com,353699394,Q00000380,Callao,2026-01-30,0.00,True
381,Clemente,Costa,conductor381@ejemplo.com,149110142,Q00000381,La Molina,2022-01-16,0.00,True
382,Mario,Noriega,conductor382@ejemplo.com,627527071,Q00000382,San Borja,2021-12-21,0.00,True
383,Sosimo,Calleja,conductor383@ejemplo.com,551524861,Q00000383,Pueblo Libre,2023-10-11,0.00,True
384,Rodolfo,Durán,conductor384@ejemplo.com,611596248,Q00000384,Jesús María,2022-04-27,0.00,True
385,Nando,Marcos,conductor385@ejemplo.com,535324647,Q00000385,Callao,2021-04-08,0.00,True
386,Antonio,Salgado,conductor386@ejemplo.com,063230971,Q00000386,Jesús María,2023-01-05,0.00,True
387,Carmina,Español,conductor387@ejemplo.com,405388458,Q00000387,Surco,2022-02-10,0.00,True
388,Jose Ramón,Ruano,conductor388@ejemplo.com,086170562,Q00000388,Pueblo Libre,2025-12-29,0.00,True
389,Ignacia,Folch,conductor389@ejemplo.com,866852428,Q00000389,San Juan de Lurigancho,2023-12-29,0.00,True
390,Jacinta,Alfaro,conductor390@ejemplo.com,778095029,Q00000390,San Juan de Lurigancho,2025-05-03,0.00,True
391,Irma,Lillo,conductor391@ejemplo.com,060370016,Q00000391,Lince,2023-10-26,0.00,True
392,Concepción,Peñas,conductor392@ejemplo.com,126401093,Q00000392,Lince,2022-09-19,0.00,True
393,Aureliano,Vazquez,conductor393@ejemplo.com,143628044,Q00000393,Pueblo Libre,2023-12-25,0.00,True
394,Sigfrido,Bernad,conductor394@ejemplo.com,329156077,Q00000394,Miraflores,2023-02-17,0.00,True
395,Raúl,Ferrer,conductor395@ejemplo.com,885255176,Q00000395,Callao,2022-08-12,0.00,True
396,María Manuela,Alcalde,conductor396@ejemplo.com,632738869,Q00000396,San Isidro,2024-07-14,0.00,True
397,Eric,Paz,conductor397@ejemplo.com,170841335,Q00000397,San Juan de Lurigancho,2025-02-28,0.00,True
398,Graciano,Daza,conductor398@ejemplo.com,569884878,Q00000398,San Juan de Lurigancho,2024-10-11,0.00,True
399,María Pilar,Villalba,conductor399@ejemplo.com,307144589,Q00000399,San Juan de Lurigancho,2024-10-13,0.00,True
400,Isa,Tamarit,conductor400@ejemplo.com,377526751,Q00000400,Miraflores,2021-12-27,0.00,True
401,Fermín,Arellano,conductor401@ejemplo.com,752594090,Q00000401,Surco,2022-11-11,0.00,True
402,Marcelo,Pozo,conductor402@ejemplo.com,315950699,Q00000402,San Juan de Lurigancho,2025-01-15,0.00,True
403,Cristian,Escalona,conductor403@ejemplo.com,113947665,Q00000403,San Borja,2023-09-18,0.00,True
404,Débora,Ferreras,conductor404@ejemplo.com,806041105,Q00000404,La Molina,2021-04-15,0.00,True
405,Natividad,Rueda,conductor405@ejemplo.com,359108579,Q00000405,Miraflores,2024-04-24,0.00,True
406,Paca,Alcalde,conductor406@ejemplo.com,546400586,Q00000406,La Molina,2021-05-20,0.00,True
407,Valerio,Colom,conductor407@ejemplo.com,337486562,Q00000407,San Borja,2022-04-08,0.00,True
408,Trini,Gálvez,conductor408@ejemplo.com,646519796,Q00000408,Barranco,2022-08-03,0.00,True
409,Nydia,Giménez,conductor409@ejemplo.com,361389077,Q00000409,Magdalena,2023-09-19,0.00,True
410,Fermín,Antón,conductor410@ejemplo.com,880159473,Q00000410,Surco,2025-03-18,0.00,True
411,Ovidio,Haro,conductor411@ejemplo.com,280878026,Q00000411,San Isidro,2024-08-30,0.00,True
412,Guiomar,Tejedor,conductor412@ejemplo.com,410211461,Q00000412,Miraflores,2024-02-04,0.00,True
413,Sonia,Haro,conductor413@ejemplo.com,998007972,Q00000413,San Isidro,2024-11-14,0.00,True
414,Adora,Salom,conductor414@ejemplo.com,663972899,Q00000414,San Isidro,2023-02-06,0.00,True
415,Amarilis,Porta,conductor415@ejemplo.com,077408549,Q00000415,Jesús María,2023-12-22,0.00,True
416,Chuy,Riba,conductor416@ejemplo.com,307098539,Q00000416,Miraflores,2024-05-09,0.00,True
417,Baudelio,Jerez,conductor417@ejemplo.com,871520971,Q00000417,San Borja,2024-05-11,0.00,True
418,Leire,Campillo,conductor418@ejemplo.com,269080567,Q00000418,San Borja,2024-09-19,0.00,True
419,Celestina,Ayuso,conductor419@ejemplo.com,596544531,Q00000419,Barranco,2022-12-27,0.00,True
420,Cayetano,Cerezo,conductor420@ejemplo.com,129419319,Q00000420,Pueblo Libre,2021-05-20,0.00,True
421,Rebeca,Roselló,conductor421@ejemplo.com,415198588,Q00000421,San Isidro,2024-08-30,0.00,True
422,Raquel,Canet,conductor422@ejemplo.com,595249899,Q00000422,San Borja,2021-12-21,0.00,True
423,Nazaret,Calderon,conductor423@ejemplo.com,999924803,Q00000423,San Juan de Lurigancho,2023-04-12,0.00,True
424,Alba,Raya,conductor424@ejemplo.com,162840766,Q00000424,Lince,2025-02-21,0.00,True
425,Chema,Pastor,conductor425@ejemplo.com,891702978,Q00000425,La Molina,2023-07-13,0.00,True
426,Petrona,Tenorio,conductor426@ejemplo.com,491384528,Q00000426,La Molina,2021-03-27,0.00,True
427,Ciríaco,Montalbán,conductor427@ejemplo.com,109035267,Q00000427,La Molina,2021-06-11,0.00,True
428,Clemente,Patiño,conductor428@ejemplo.com,074146856,Q00000428,Surco,2026-01-25,0.00,True
429,Belén,Gimeno,conductor429@ejemplo.com,956572858,Q00000429,Barranco,2024-03-31,0.00,True
430,Azahar,Pastor,conductor430@ejemplo.com,312745609,Q00000430,Pueblo Libre,2024-08-11,0.00,True
431,Elvira,Enríquez,conductor431@ejemplo.com,176497877,Q00000431,La Molina,2025-07-03,0.00,True
432,Moisés,Alvarez,conductor432@ejemplo.com,018554324,Q00000432,Miraflores,2021-11-24,0.00,True
433,Nélida,Dalmau,conductor433@ejemplo.com,394645163,Q00000433,Callao,2025-02-24,0.00,True
434,Calisto,Vicens,conductor434@ejemplo.com,336337581,Q00000434,San Juan de Lurigancho,2024-10-25,0.00,True
435,Francisco Javier,Rovira,conductor435@ejemplo.com,023762960,Q00000435,Magdalena,2023-05-22,0.00,True
436,Roldán,Soto,conductor436@ejemplo.com,364397353,Q00000436,Callao,2024-10-25,0.00,True
437,Pepita,Castejón,conductor437@ejemplo.com,055266541,Q00000437,Lince,2025-08-15,0.00,True
438,Gisela,Recio,conductor438@ejemplo.com,288756939,Q00000438,Magdalena,2021-11-21,0.00,True
439,Anacleto,Herrera,conductor439@ejemplo.com,951646333,Q00000439,Callao,2022-02-28,0.00,True
440,Begoña,Mateos,conductor440@ejemplo.com,138756323,Q00000440,Jesús María,2023-10-06,0.00,True
441,Araceli,Pérez,conductor441@ejemplo.com,510525751,Q00000441,La Molina,2021-03-27,0.00,True
442,Eusebio,Cid,conductor442@ejemplo.com,342475950,Q00000442,San Borja,2023-05-25,0.00,True
443,Pía,Llabrés,conductor443@ejemplo.com,549959156,Q00000443,La Molina,2025-07-19,0.00,True
444,Apolonia,Cabo,conductor444@ejemplo.com,198448899,Q00000444,Barranco,2025-07-30,0.00,True
445,Flor,Delgado,conductor445@ejemplo.com,710543565,Q00000445,Barranco,2024-01-11,0.00,True
446,Paola,Cánovas,conductor446@ejemplo.com,299079299,Q00000446,San Isidro,2023-04-01,0.00,True
447,Yéssica,Alemán,conductor447@ejemplo.com,677655931,Q00000447,Callao,2025-01-11,0.00,True
448,Marcio,Blázquez,conductor448@ejemplo.com,934257137,Q00000448,Miraflores,2025-04-16,0.00,True
449,Jose Miguel,Gárate,conductor449@ejemplo.com,308286657,Q00000449,Lince,2023-03-15,0.00,True
450,Manuelita,Hernando,conductor450@ejemplo.com,745009051,Q00000450,Lince,2024-12-26,0.00,True
451,Godofredo,Gimenez,conductor451@ejemplo.com,227866760,Q00000451,La Molina,2023-09-27,0.00,True
452,Belen,Cortés,conductor452@ejemplo.com,203336847,Q00000452,Lince,2023-02-01,0.00,True
453,Olegario,Pavón,conductor453@ejemplo.com,372831499,Q00000453,San Isidro,2024-02-15,0.00,True
454,Mauricio,Gonzalo,conductor454@ejemplo.com,199521208,Q00000454,Barranco,2022-08-06,0.00,True
455,Ruth,Macías,conductor455@ejemplo.com,682319920,Q00000455,Magdalena,2021-09-25,0.00,True
456,Luisina,Sabater,conductor456@ejemplo.com,272060620,Q00000456,Magdalena,2024-01-15,0.00,True
457,Josep,Aguiló,conductor457@ejemplo.com,145885931,Q00000457,Callao,2025-02-21,0.00,True
458,Martín,Alcaraz,conductor458@ejemplo.com,629137735,Q00000458,San Juan de Lurigancho,2025-06-01,0.00,True
459,Rosalina,Angulo,conductor459@ejemplo.com,250238086,Q00000459,San Borja,2022-12-30,0.00,True
460,Julio,Ripoll,conductor460@ejemplo.com,652600316,Q00000460,Pueblo Libre,2024-03-30,0.00,True
461,Iris,Domínguez,conductor461@ejemplo.com,472297338,Q00000461,Lince,2022-08-04,0.00,True
462,Duilio,Fuentes,conductor462@ejemplo.com,501919866,Q00000462,Pueblo Libre,2025-10-04,0.00,True
463,Lucila,Noguera,conductor463@ejemplo.com,321320088,Q00000463,Pueblo Libre,2023-02-25,0.00,True
464,Aurelia,Marin,conductor464@ejemplo.com,312197825,Q00000464,La Molina,2022-02-15,0.00,True
465,Emiliana,Montesinos,conductor465@ejemplo.com,779503718,Q00000465,Callao,2021-08-19,0.00,True
466,Rosenda,Planas,conductor466@ejemplo.com,324399288,Q00000466,San Isidro,2025-02-15,0.00,True
467,Arturo,Bou,conductor467@ejemplo.com,568426800,Q00000467,Magdalena,2023-12-24,0.00,True
468,Evelia,Méndez,conductor468@ejemplo.com,831623161,Q00000468,Lince,2024-01-22,0.00,True
469,Anabel,Uribe,conductor469@ejemplo.com,011897174,Q00000469,Magdalena,2021-05-17,0.00,True
470,Cecilio,Tur,conductor470@ejemplo.com,611623788,Q00000470,San Isidro,2023-12-21,0.00,True
471,Rico,Pereira,conductor471@ejemplo.com,286467216,Q00000471,San Borja,2024-02-24,0.00,True
472,Eutimio,Méndez,conductor472@ejemplo.com,659542906,Q00000472,Pueblo Libre,2025-01-31,0.00,True
473,Melania,Agustí,conductor473@ejemplo.com,700383390,Q00000473,Barranco,2023-01-25,0.00,True
474,Áurea,Nuñez,conductor474@ejemplo.com,700991639,Q00000474,Barranco,2021-04-18,0.00,True
475,Tere,Catalán,conductor475@ejemplo.com,329879795,Q00000475,San Isidro,2022-10-15,0.00,True
476,Odalys,Colom,conductor476@ejemplo.com,546537881,Q00000476,Barranco,2024-05-03,0.00,True
477,Felicidad,Malo,conductor477@ejemplo.com,044521432,Q00000477,Magdalena,2021-10-23,0.00,True
478,Arsenio,Izaguirre,conductor478@ejemplo.com,410317247,Q00000478,Pueblo Libre,2025-07-27,0.00,True
479,Ana Belén,Conde,conductor479@ejemplo.com,051843252,Q00000479,Magdalena,2022-01-24,0.00,True
480,Jacinto,Parra,conductor480@ejemplo.com,858640999,Q00000480,Miraflores,2021-12-23,0.00,True
481,Noelia,Bautista,conductor481@ejemplo.com,614822945,Q00000481,Miraflores,2024-12-25,0.00,True
482,Mohamed,Talavera,conductor482@ejemplo.com,888436033,Q00000482,Magdalena,2025-09-19,0.00,True
483,Dionisio,Nebot,conductor483@ejemplo.com,787385110,Q00000483,La Molina,2023-12-04,0.00,True
484,Fabián,Iglesia,conductor484@ejemplo.com,825559387,Q00000484,Barranco,2024-08-18,0.00,True
485,Carlito,Carreras,conductor485@ejemplo.com,246245416,Q00000485,Surco,2022-02-20,0.00,True
486,Amada,Pou,conductor486@ejemplo.com,821882334,Q00000486,Pueblo Libre,2021-07-03,0.00,True
487,Maximiano,Reyes,conductor487@ejemplo.com,205704683,Q00000487,Surco,2024-05-02,0.00,True
488,Juliana,Quirós,conductor488@ejemplo.com,348867941,Q00000488,Surco,2025-07-04,0.00,True
489,Apolinar,Chaves,conductor489@ejemplo.com,993184459,Q00000489,San Juan de Lurigancho,2022-09-03,0.00,True
490,Asunción,Lasa,conductor490@ejemplo.com,514265506,Q00000490,Lince,2022-11-11,0.00,True
491,Alfonso,Bas,conductor491@ejemplo.com,888057789,Q00000491,San Borja,2021-11-28,0.00,True
492,Ana Sofía,Romeu,conductor492@ejemplo.com,754061400,Q00000492,Barranco,2021-10-21,0.00,True
493,Estefanía,Ledesma,conductor493@ejemplo.com,339249328,Q00000493,Miraflores,2021-05-15,0.00,True
494,Fidela,Tomás,conductor494@ejemplo.com,240150076,Q00000494,Pueblo Libre,2021-12-16,0.00,True
495,América,Santamaria,conductor495@ejemplo.com,112356949,Q00000495,San Isidro,2025-02-09,0.00,True
496,Isidro,Arellano,conductor496@ejemplo.com,020107782,Q00000496,San Isidro,2023-03-13,0.00,True
497,Geraldo,Polo,conductor497@ejemplo.com,254151618,Q00000497,Lince,2025-03-20,0.00,True
498,María,Adadia,conductor498@ejemplo.com,293791195,Q00000498,San Borja,2024-12-31,0.00,True
499,Ignacio,Villaverde,conductor499@ejemplo.com,055383810,Q00000499,La Molina,2025-07-29,0.00,True
500,Olga,Barragán,conductor500@ejemplo.com,944024492,Q00000500,San Isidro,2024-06-04,0.00,True
501,María Jesús,Vendrell,conductor501@ejemplo.com,181701085,Q00000501,San Juan de Lurigancho,2023-10-31,0.00,True
502,Piedad,Arellano,conductor502@ejemplo.com,520112827,Q00000502,San Isidro,2024-12-24,0.00,True
503,Edgardo,Tirado,conductor503@ejemplo.com,224427895,Q00000503,Barranco,2025-08-12,0.00,True
504,Pepito,Robledo,conductor504@ejemplo.com,943118642,Q00000504,Lince,2022-06-27,0.00,True
505,Cesar,Padilla,conductor505@ejemplo.com,676983217,Q00000505,Lince,2024-01-19,0.00,True
506,Celso,Arroyo,conductor506@ejemplo.com,166476710,Q00000506,Barranco,2021-04-28,0.00,True
507,Marisol,Anaya,conductor507@ejemplo.com,887731504,Q00000507,Miraflores,2025-09-24,0.00,True
508,Cebrián,Figueras,conductor508@ejemplo.com,821168135,Q00000508,Lince,2024-10-30,0.00,True
509,Cruz,Ballesteros,conductor509@ejemplo.com,904612602,Q00000509,Miraflores,2025-01-07,0.00,True
510,Ana,López,conductor510@ejemplo.com,061281032,Q00000510,Miraflores,2021-07-20,0.00,True
511,Rosa María,Alonso,conductor511@ejemplo.com,135226938,Q00000511,La Molina,2024-06-02,0.00,True
512,Fernando,Palau,conductor512@ejemplo.com,033727910,Q00000512,Miraflores,2023-07-24,0.00,True
513,Ana,Muñoz,conductor513@ejemplo.com,011592335,Q00000513,San Borja,2023-02-04,0.00,True
514,Édgar,Alcalde,conductor514@ejemplo.com,555019706,Q00000514,San Isidro,2022-04-26,0.00,True
515,Jordana,Bermejo,conductor515@ejemplo.com,794190825,Q00000515,San Juan de Lurigancho,2025-07-10,0.00,True
516,Jesús,Font,conductor516@ejemplo.com,197656125,Q00000516,Miraflores,2022-08-17,0.00,True
517,Danilo,Cabanillas,conductor517@ejemplo.com,482575864,Q00000517,San Juan de Lurigancho,2023-10-19,0.00,True
518,Isidoro,Mena,conductor518@ejemplo.com,463133227,Q00000518,Lince,2022-08-22,0.00,True
519,Juliana,Belda,conductor519@ejemplo.com,731501901,Q00000519,Magdalena,2024-05-20,0.00,True
520,Edelmira,Diaz,conductor520@ejemplo.com,833725466,Q00000520,Callao,2021-10-11,0.00,True
521,Aroa,Rivas,conductor521@ejemplo.com,157180496,Q00000521,Lince,2024-04-16,0.00,True
522,Juan,Abella,conductor522@ejemplo.com,269932580,Q00000522,San Borja,2023-10-20,0.00,True
523,Ezequiel,Bauzà,conductor523@ejemplo.com,265719065,Q00000523,San Juan de Lurigancho,2021-05-17,0.00,True
524,Reyes,Coca,conductor524@ejemplo.com,111452253,Q00000524,San Juan de Lurigancho,2023-08-29,0.00,True
525,Cloe,Cabezas,conductor525@ejemplo.com,351162930,Q00000525,Barranco,2021-11-18,0.00,True
526,Maximiano,Alegria,conductor526@ejemplo.com,049392800,Q00000526,La Molina,2024-04-04,0.00,True
527,Timoteo,Villalobos,conductor527@ejemplo.com,462633528,Q00000527,La Molina,2025-05-30,0.00,True
528,Efraín,Arévalo,conductor528@ejemplo.com,219675058,Q00000528,Magdalena,2021-12-03,0.00,True
529,Jose Francisco,Esteve,conductor529@ejemplo.com,924953993,Q00000529,Surco,2022-09-25,0.00,True
530,Benito,Gracia,conductor530@ejemplo.com,138164645,Q00000530,Pueblo Libre,2025-07-13,0.00,True
531,Noelia,Aragonés,conductor531@ejemplo.com,976831036,Q00000531,Surco,2023-10-21,0.00,True
532,Abigaíl,Font,conductor532@ejemplo.com,663439928,Q00000532,Pueblo Libre,2021-04-10,0.00,True
533,Jeremías,Boada,conductor533@ejemplo.com,188126381,Q00000533,Pueblo Libre,2024-08-02,0.00,True
534,Alma,Palomo,conductor534@ejemplo.com,288027618,Q00000534,Lince,2025-03-24,0.00,True
535,Godofredo,Torrents,conductor535@ejemplo.com,461850061,Q00000535,Miraflores,2023-09-30,0.00,True
536,Pascuala,Salom,conductor536@ejemplo.com,182761417,Q00000536,La Molina,2022-03-31,0.00,True
537,Febe,Catalán,conductor537@ejemplo.com,442650755,Q00000537,San Isidro,2022-08-14,0.00,True
538,Maximiliano,Vallés,conductor538@ejemplo.com,002102967,Q00000538,San Juan de Lurigancho,2021-07-30,0.00,True
539,Juanito,Guijarro,conductor539@ejemplo.com,254871579,Q00000539,San Isidro,2025-12-15,0.00,True
540,Jenny,Ugarte,conductor540@ejemplo.com,531721308,Q00000540,Jesús María,2025-06-30,0.00,True
541,Jesús,Dávila,conductor541@ejemplo.com,490505867,Q00000541,San Juan de Lurigancho,2021-11-20,0.00,True
542,Tamara,Viña,conductor542@ejemplo.com,859351686,Q00000542,Jesús María,2022-06-28,0.00,True
543,Francisca,Portillo,conductor543@ejemplo.com,776042179,Q00000543,Jesús María,2022-03-19,0.00,True
544,Jorge,Gual,conductor544@ejemplo.com,116034856,Q00000544,Pueblo Libre,2025-07-23,0.00,True
545,Eric,Ángel,conductor545@ejemplo.com,831788558,Q00000545,Miraflores,2025-10-02,0.00,True
546,Teobaldo,Gracia,conductor546@ejemplo.com,129791487,Q00000546,San Juan de Lurigancho,2022-01-03,0.00,True
547,Borja,Álamo,conductor547@ejemplo.com,770300571,Q00000547,Magdalena,2022-07-07,0.00,True
548,Ani,Cabo,conductor548@ejemplo.com,617642815,Q00000548,Surco,2025-03-09,0.00,True
549,Vito,Bayo,conductor549@ejemplo.com,059682484,Q00000549,Callao,2024-09-05,0.00,True
550,Ramiro,Vilaplana,conductor550@ejemplo.com,777060654,Q00000550,Surco,2021-08-06,0.00,True
551,Nerea,Hernández,conductor551@ejemplo.com,374886459,Q00000551,San Juan de Lurigancho,2025-05-23,0.00,True
552,Heraclio,Talavera,conductor552@ejemplo.com,050177199,Q00000552,Jesús María,2023-01-30,0.00,True
553,Sebastian,Noguera,conductor553@ejemplo.com,899590915,Q00000553,Surco,2023-09-29,0.00,True
554,Rosa María,Osorio,conductor554@ejemplo.com,599413661,Q00000554,Magdalena,2025-05-18,0.00,True
555,Rodolfo,Peña,conductor555@ejemplo.com,764722631,Q00000555,Surco,2022-03-25,0.00,True
556,Mario,Frutos,conductor556@ejemplo.com,122371101,Q00000556,San Isidro,2022-07-14,0.00,True
557,Mónica,Trillo,conductor557@ejemplo.com,030694582,Q00000557,San Borja,2024-02-02,0.00,True
558,Agustín,Cuevas,conductor558@ejemplo.com,088286818,Q00000558,Callao,2023-10-30,0.00,True
559,Julia,Lluch,conductor559@ejemplo.com,451554867,Q00000559,Surco,2022-06-09,0.00,True
560,Teodora,Julián,conductor560@ejemplo.com,925741649,Q00000560,Jesús María,2021-05-25,0.00,True
561,Toño,Cervera,conductor561@ejemplo.com,683622296,Q00000561,Pueblo Libre,2022-11-23,0.00,True
562,Melania,Salas,conductor562@ejemplo.com,861433944,Q00000562,Jesús María,2025-04-06,0.00,True
563,Filomena,Pomares,conductor563@ejemplo.com,349271942,Q00000563,Miraflores,2023-02-12,0.00,True
564,Silvestre,Acuña,conductor564@ejemplo.com,658595474,Q00000564,Barranco,2022-07-17,0.00,True
565,Natalio,Cueto,conductor565@ejemplo.com,675737140,Q00000565,La Molina,2023-04-20,0.00,True
566,Patricia,Nadal,conductor566@ejemplo.com,245285237,Q00000566,Pueblo Libre,2021-08-07,0.00,True
567,Teobaldo,Hoyos,conductor567@ejemplo.com,450728144,Q00000567,San Juan de Lurigancho,2025-08-07,0.00,True
568,Ariel,Serna,conductor568@ejemplo.com,710050527,Q00000568,San Juan de Lurigancho,2026-01-23,0.00,True
569,Emma,Oliva,conductor569@ejemplo.com,933164600,Q00000569,Miraflores,2024-02-23,0.00,True
570,Albino,Cordero,conductor570@ejemplo.com,674409966,Q00000570,Pueblo Libre,2024-10-16,0.00,True
571,Florencio,Diaz,conductor571@ejemplo.com,618101368,Q00000571,Surco,2022-05-16,0.00,True
572,Cristóbal,Fuentes,conductor572@ejemplo.com,426912185,Q00000572,Callao,2022-07-13,0.00,True
573,Evangelina,Blanes,conductor573@ejemplo.com,801359825,Q00000573,Callao,2024-02-10,0.00,True
574,Cleto,Calderon,conductor574@ejemplo.com,727720053,Q00000574,San Borja,2025-05-10,0.00,True
575,Reynaldo,Amat,conductor575@ejemplo.com,479516529,Q00000575,Surco,2022-12-29,0.00,True
576,Rafa,Carvajal,conductor576@ejemplo.com,087995679,Q00000576,Callao,2023-07-12,0.00,True
577,Domitila,Reyes,conductor577@ejemplo.com,532595821,Q00000577,Miraflores,2022-02-20,0.00,True
578,Olga,Andrés,conductor578@ejemplo.com,764271619,Q00000578,Barranco,2025-03-13,0.00,True
579,Araceli,Jover,conductor579@ejemplo.com,714398005,Q00000579,Surco,2025-11-29,0.00,True
580,Domingo,Corral,conductor580@ejemplo.com,952925250,Q00000580,Miraflores,2022-06-19,0.00,True
581,Amancio,Berrocal,conductor581@ejemplo.com,867057234,Q00000581,Callao,2023-06-27,0.00,True
582,Aníbal,Tejedor,conductor582@ejemplo.com,929092026,Q00000582,La Molina,2022-12-13,0.00,True
583,Candelas,Arteaga,conductor583@ejemplo.com,281569339,Q00000583,Lince,2022-08-19,0.00,True
584,Marcos,Solana,conductor584@ejemplo.com,920365319,Q00000584,San Borja,2021-12-17,0.00,True
585,Paco,Alfonso,conductor585@ejemplo.com,888490281,Q00000585,Surco,2024-08-28,0.00,True
586,Gala,Soler,conductor586@ejemplo.com,411536546,Q00000586,Barranco,2022-12-18,0.00,True
587,Nazaret,Pujol,conductor587@ejemplo.com,655368644,Q00000587,San Borja,2025-05-25,0.00,True
588,Manu,Lorenzo,conductor588@ejemplo.com,132044634,Q00000588,Surco,2022-08-30,0.00,True
589,Esther,Bernad,conductor589@ejemplo.com,088845151,Q00000589,Lince,2025-08-03,0.00,True
590,Lorena,Milla,conductor590@ejemplo.com,946235692,Q00000590,La Molina,2024-03-16,0.00,True
591,Primitivo,Méndez,conductor591@ejemplo.com,809784615,Q00000591,Surco,2022-01-23,0.00,True
592,Gerónimo,Barón,conductor592@ejemplo.com,018826096,Q00000592,Miraflores,2024-03-23,0.00,True
593,Jeremías,Gárate,conductor593@ejemplo.com,532092901,Q00000593,Callao,2023-03-19,0.00,True
594,Amelia,Peñalver,conductor594@ejemplo.com,230739101,Q00000594,Callao,2025-12-14,0.00,True
595,Obdulia,Gabaldón,conductor595@ejemplo.com,692540088,Q00000595,San Juan de Lurigancho,2025-04-04,0.00,True
596,Jacobo,Cantón,conductor596@ejemplo.com,185814365,Q00000596,Callao,2023-03-11,0.00,True
597,Pancho,Ros,conductor597@ejemplo.com,134898094,Q00000597,Jesús María,2025-12-29,0.00,True
598,Venceslás,Carvajal,conductor598@ejemplo.com,517371188,Q00000598,Jesús María,2025-11-02,0.00,True
599,Amelia,Palomar,conductor599@ejemplo.com,525734830,Q00000599,La Molina,2022-12-26,0.00,True
600,Francisca,Escrivá,conductor600@ejemplo.com,947668444,Q00000600,Miraflores,2025-02-09,0.00,True
